{
  "task": "MDD_vs_nonMDD_diagnostic",
  "timestamp": "2026-02-23T18:12:18.057585",
  "n_subjects": 1138,
  "n_features": 992,
  "label_counts": {
    "MDD": 305,
    "nonMDD": 833
  },
  "models": {
    "svm": {
      "auc": 0.6653690984590558,
      "balanced_accuracy": 0.6134532501525201,
      "sensitivity": 0.780327868852459,
      "specificity": 0.44657863145258103,
      "optimal_threshold": 0.21988550782403493,
      "sensitivity_at_threshold": 0.8819672131147541,
      "specificity_at_threshold": 0.3793517406962785,
      "permutation_pvalue": 0.09090909090909091
    },
    "rf": {
      "auc": 0.6568063290890127,
      "balanced_accuracy": 0.5693090350894456,
      "sensitivity": 0.39672131147540984,
      "specificity": 0.7418967587034814,
      "optimal_threshold": 0.27666666666666667,
      "sensitivity_at_threshold": 0.9311475409836065,
      "specificity_at_threshold": 0.32292917166866747,
      "permutation_pvalue": 0.09090909090909091
    },
    "xgb": {
      "auc": 0.6579458012713283,
      "balanced_accuracy": 0.586857693897231,
      "sensitivity": 0.4426229508196721,
      "specificity": 0.7310924369747899,
      "optimal_threshold": 0.033428698778152466,
      "sensitivity_at_threshold": 0.9147540983606557,
      "specificity_at_threshold": 0.3505402160864346,
      "permutation_pvalue": 0.09090909090909091
    },
    "ensemble": {
      "auc": 0.6670812587330015,
      "balanced_accuracy": 0.6333831893413103,
      "sensitivity": 0.8754098360655738,
      "specificity": 0.39135654261704683,
      "optimal_threshold": 0.24526489986189212,
      "permutation_pvalue": null
    }
  }
}