{
  "task": "MDD_vs_nonMDD_diagnostic",
  "timestamp": "2026-02-23T18:22:37.056961",
  "n_subjects": 1138,
  "n_features": 992,
  "label_counts": {
    "MDD": 305,
    "nonMDD": 833
  },
  "models": {
    "svm": {
      "auc": 0.6677724148779273,
      "balanced_accuracy": 0.6134532501525201,
      "sensitivity": 0.780327868852459,
      "specificity": 0.44657863145258103,
      "permutation_pvalue": 0.09090909090909091
    },
    "rf": {
      "auc": 0.6520404578951913,
      "balanced_accuracy": 0.5694704111152658,
      "sensitivity": 0.39344262295081966,
      "specificity": 0.7454981992797118,
      "permutation_pvalue": 0.09090909090909091
    },
    "xgb": {
      "auc": 0.6661683151571635,
      "balanced_accuracy": 0.607891681262669,
      "sensitivity": 0.4786885245901639,
      "specificity": 0.737094837935174,
      "permutation_pvalue": 0.09090909090909091
    },
    "ensemble": {
      "auc": 0.6702772912443665,
      "balanced_accuracy": 0.6028378564540571,
      "sensitivity": 0.5081967213114754,
      "specificity": 0.6974789915966386,
      "permutation_pvalue": null
    }
  }
}